[{"id":"user-file-ssstik.io_1674681498180.mp4","fileName":"ssstik.io_1674681498180.mp4","name":"ssstik.io_1674681498180","publicUrl":"npv://user.desktop.nicepage.com/Site_405923044/files/ssstik.io_1674681498180.mp4","size":1442316},{"id":"user-file-ssstik.io_1674686554400.mp4","fileName":"ssstik.io_1674686554400.mp4","name":"ssstik.io_1674686554400","publicUrl":"npv://user.desktop.nicepage.com/Site_405923044/files/ssstik.io_1674686554400.mp4","size":4527557},{"id":"user-file-WhatsAppVideo2023-01-25at5.50.46PM-CompressedwithFlexClip-CompressedwithFlexClip.mp4","fileName":"WhatsAppVideo2023-01-25at5.50.46PM-CompressedwithFlexClip-CompressedwithFlexClip.mp4","name":"WhatsAppVideo2023-01-25at5.50.46PM-CompressedwithFlexClip-CompressedwithFlexClip","publicUrl":"npv://user.desktop.nicepage.com/Site_405923044/files/WhatsAppVideo2023-01-25at5.50.46PM-CompressedwithFlexClip-CompressedwithFlexClip.mp4","size":8457585}]