[{"id":"user-image-pexels-photo-4101143.jpeg","publicUrl":"np://user.desktop.nicepage.com/Site_405923044/images/pexels-photo-4101143.jpeg","size":190723,"hash":"y9Vcx/K9nbOZ88mRhtoOoh+zlZg=","fileName":"pexels-photo-4101143.jpeg","name":"pexels-photo-4101143","width":1620,"height":1080,"thumbnail":{"url":"np://user.desktop.nicepage.com/Site_405923044/images/thumbnails/pexels-photo-4101143.jpeg","width":250,"height":167},"originalUrl":"//images01.nicepage.com/a1389d7bc73adea1e1c1fb7e/2f6015003a5d56c487a4a3b3/pexels-photo-4101143.jpeg","usages":["191777512"]},{"id":"user-image-pexels-photo-6382633.jpeg","publicUrl":"np://user.desktop.nicepage.com/Site_405923044/images/pexels-photo-6382633.jpeg","size":95919,"hash":"s6akwKJHK76LuVo/UeXGKkZYdBU=","fileName":"pexels-photo-6382633.jpeg","name":"pexels-photo-6382633","width":1000,"height":1500,"thumbnail":{"url":"np://user.desktop.nicepage.com/Site_405923044/images/thumbnails/pexels-photo-6382633.jpeg","width":167,"height":250},"originalUrl":"//images01.nicepage.com/a1389d7bc73adea1e1c1fb7e/97692c1eaef0529b87b90edb/pexels-photo-6382633.jpeg","usages":["191777512"]},{"id":"user-image-instagram.jpg","publicUrl":"np://user.desktop.nicepage.com/Site_405923044/images/instagram.jpg","size":116342,"hash":"HOCXYAxbkknLYqu2+/56Rs62ldg=","fileName":"instagram.jpg","name":"instagram","width":1023,"height":767,"thumbnail":{"url":"np://user.desktop.nicepage.com/Site_405923044/images/thumbnails/instagram.jpg","width":250,"height":187},"usages":["191777512"]},{"id":"user-image-facebook.jpg","publicUrl":"np://user.desktop.nicepage.com/Site_405923044/images/facebook.jpg","size":107125,"hash":"5ckVuZTI7TJ/c3T014ODvoMHYT8=","fileName":"facebook.jpg","name":"facebook","width":1023,"height":767,"thumbnail":{"url":"np://user.desktop.nicepage.com/Site_405923044/images/thumbnails/facebook.jpg","width":250,"height":187},"usages":["191777512"]},{"id":"user-image-tikt.jpg","publicUrl":"np://user.desktop.nicepage.com/Site_405923044/images/tikt.jpg","size":128317,"hash":"mouealq8m77Hp+/WDXAv1wQz8vk=","fileName":"tikt.jpg","name":"tikt","width":1023,"height":767,"thumbnail":{"url":"np://user.desktop.nicepage.com/Site_405923044/images/thumbnails/tikt.jpg","width":250,"height":187},"usages":["191777512"]},{"id":"user-image-fff.jpg","publicUrl":"np://user.desktop.nicepage.com/Site_405923044/images/fff.jpg","size":140048,"hash":"vhDGHkY3C3a1McUN5bxiPMTyCJg=","fileName":"fff.jpg","name":"fff","width":898,"height":898,"thumbnail":{"url":"np://user.desktop.nicepage.com/Site_405923044/images/thumbnails/fff.jpg","width":250,"height":250},"originalUrl":"//images01.nicepagecdn.com/c461c07a441a5d220e8feb1a/75434504afed529795968963/fff.jpg","usages":["191777512"]},{"id":"user-image-infi.webp","publicUrl":"np://user.desktop.nicepage.com/Site_405923044/images/infi.webp","size":24054,"hash":"OQZdOmJPwPW+iDn4N5ahfE1nOt0=","fileName":"infi.webp","name":"infi","width":768,"height":512,"thumbnail":{"url":"np://user.desktop.nicepage.com/Site_405923044/images/infi.webp","width":250,"height":167},"usages":["191777512"]},{"id":"user-image-4f23824e-5d48-45ec-aab1-c26bff86fbdf_16-9-aspect-ratio_default_0.jpg","publicUrl":"np://user.desktop.nicepage.com/Site_405923044/images/4f23824e-5d48-45ec-aab1-c26bff86fbdf_16-9-aspect-ratio_default_0.jpg","size":53592,"hash":"kyBihOCYTyMQ3LEVWDvJxwaJX0w=","fileName":"4f23824e-5d48-45ec-aab1-c26bff86fbdf_16-9-aspect-ratio_default_0.jpg","name":"4f23824e-5d48-45ec-aab1-c26bff86fbdf_16-9-aspect-ratio_default_0","width":880,"height":495,"thumbnail":{"url":"np://user.desktop.nicepage.com/Site_405923044/images/thumbnails/4f23824e-5d48-45ec-aab1-c26bff86fbdf_16-9-aspect-ratio_default_0.jpg","width":250,"height":141},"usages":["191777512"]},{"id":"user-image-Ausencia-de-deseo-sexual.jpg","publicUrl":"np://user.desktop.nicepage.com/Site_405923044/images/Ausencia-de-deseo-sexual.jpg","size":62788,"hash":"0EezLK4QF7v+Vun0ER9Cx2+M2XQ=","fileName":"Ausencia-de-deseo-sexual.jpg","name":"Ausencia-de-deseo-sexual","width":975,"height":649,"thumbnail":{"url":"np://user.desktop.nicepage.com/Site_405923044/images/thumbnails/Ausencia-de-deseo-sexual.jpg","width":250,"height":166},"usages":["191777512"]},{"id":"user-image-5fa53788d9960.jpeg","publicUrl":"np://user.desktop.nicepage.com/Site_405923044/images/5fa53788d9960.jpeg","size":61288,"hash":"GddLvcUE6/9xpFTVdLfgHAI1isE=","fileName":"5fa53788d9960.jpeg","name":"5fa53788d9960","width":976,"height":477,"thumbnail":{"url":"np://user.desktop.nicepage.com/Site_405923044/images/thumbnails/5fa53788d9960.jpeg","width":250,"height":122},"usages":["191777512"]},{"id":"user-image-1480002025_079453_1480011809_sumario_normal.jpg","publicUrl":"np://user.desktop.nicepage.com/Site_405923044/images/1480002025_079453_1480011809_sumario_normal.jpg","size":21607,"hash":"/FT2SG+eHxMeOUa7EDbPbslZhq8=","fileName":"1480002025_079453_1480011809_sumario_normal.jpg","name":"1480002025_079453_1480011809_sumario_normal","width":545,"height":303,"thumbnail":{"url":"np://user.desktop.nicepage.com/Site_405923044/images/thumbnails/1480002025_079453_1480011809_sumario_normal.jpg","width":250,"height":139},"usages":["191777512"]},{"id":"user-image-1384055.png","publicUrl":"np://user.desktop.nicepage.com/Site_405923044/images/1384055.png","size":7870,"hash":"j0eTQdmyi301dZQ+IJE6B+45kn4=","fileName":"1384055.png","name":"1384055","width":128,"height":128,"thumbnail":{"url":"np://user.desktop.nicepage.com/Site_405923044/images/thumbnails/1384055.png","width":128,"height":128,"length":7870,"type":"png"},"usages":["191777512"]}]